Year,Division,Indicator,Description,Dropouts,Students in the Cohort,Cohort Dropout Rate,
2019,Accomack County Public Schools,Arcadia High,Dropout Rate,Class of 2019,14,151,9.27
2019,Accomack County Public Schools,Chincoteague High,Dropout Rate,Class of 2019,0,42,0
2019,Accomack County Public Schools,Nandua High,Dropout Rate,Class of 2019,15,203,7.39
2019,Accomack County Public Schools,Tangier Combined,Dropout Rate,Class of 2019,<,<,0
2019,Albemarle County Public Schools,Albemarle High,Dropout Rate,Class of 2019,28,480,5.83
2019,Albemarle County Public Schools,Monticello High,Dropout Rate,Class of 2019,13,296,4.39
2019,Albemarle County Public Schools,Murray School,Dropout Rate,Class of 2019,1,33,3.03
2019,Albemarle County Public Schools,Western Albemarle High,Dropout Rate,Class of 2019,2,273,0.73
2019,Alexandria City Public Schools,T.C. Williams High School,Dropout Rate,Class of 2019,74,962,7.69
2019,Alleghany County Public Schools,Alleghany High,Dropout Rate,Class of 2019,6,189,3.17
2019,Amelia County Public Schools,Amelia County High,Dropout Rate,Class of 2019,4,143,2.8
2019,Amherst County Public Schools,Amherst County High,Dropout Rate,Class of 2019,21,290,7.24
2019,Appomattox County Public Schools,Appomattox County High,Dropout Rate,Class of 2019,8,192,4.17
2019,Arlington County Public Schools,Arlington Community High,Dropout Rate,Class of 2019,11,37,29.73
2019,Arlington County Public Schools,Wakefield High,Dropout Rate,Class of 2019,42,533,7.88
2019,Arlington County Public Schools,Washington-Liberty High,Dropout Rate,Class of 2019,39,672,5.8
2019,Arlington County Public Schools,Yorktown High,Dropout Rate,Class of 2019,7,527,1.33
2019,Augusta County Public Schools,Buffalo Gap High,Dropout Rate,Class of 2019,3,113,2.65
2019,Augusta County Public Schools,Fort Defiance High,Dropout Rate,Class of 2019,8,200,4
2019,Augusta County Public Schools,Riverheads High,Dropout Rate,Class of 2019,3,119,2.52
2019,Augusta County Public Schools,Stuarts Draft High,Dropout Rate,Class of 2019,1,186,0.54
2019,Augusta County Public Schools,Wilson Memorial High,Dropout Rate,Class of 2019,6,175,3.43
2019,Bath County Public Schools,Bath County High,Dropout Rate,Class of 2019,3,48,6.25
2019,Bedford County Public Schools,Jefferson Forest High,Dropout Rate,Class of 2019,12,359,3.34
2019,Bedford County Public Schools,Liberty High,Dropout Rate,Class of 2019,13,207,6.28
2019,Bedford County Public Schools,Staunton River High,Dropout Rate,Class of 2019,16,236,6.78
2019,Bland County Public Schools,Bland County High,Dropout Rate,Class of 2019,4,75,5.33
2019,Botetourt County Public Schools,James River High,Dropout Rate,Class of 2019,3,140,2.14
2019,Botetourt County Public Schools,Lord Botetourt High,Dropout Rate,Class of 2019,8,245,3.27
2019,Bristol City Public Schools,Virginia High,Dropout Rate,Class of 2019,13,188,6.91
2019,Brunswick County Public Schools,Brunswick High,Dropout Rate,Class of 2019,16,130,12.31
2019,Buchanan County Public Schools,Council High ,Dropout Rate,Class of 2019,0,33,0
2019,Buchanan County Public Schools,Grundy High,Dropout Rate,Class of 2019,8,109,7.34
2019,Buchanan County Public Schools,Hurley High,Dropout Rate,Class of 2019,1,39,2.56
2019,Buchanan County Public Schools,Twin Valley High,Dropout Rate,Class of 2019,5,41,12.2
2019,Buckingham County Public Schools,Buckingham County High,Dropout Rate,Class of 2019,6,128,4.69
2019,Buena Vista City Public Schools,Parry McCluer High School,Dropout Rate,Class of 2019,5,111,4.5
2019,Campbell County Public Schools,Altavista High,Dropout Rate,Class of 2019,4,90,4.44
2019,Campbell County Public Schools,Brookville High,Dropout Rate,Class of 2019,8,259,3.09
2019,Campbell County Public Schools,Rustburg High,Dropout Rate,Class of 2019,9,222,4.05
2019,Campbell County Public Schools,William Campbell High,Dropout Rate,Class of 2019,0,72,0
2019,Caroline County Public Schools,Caroline High,Dropout Rate,Class of 2019,12,301,3.99
2019,Carroll County Public Schools,Carroll County High,Dropout Rate,Class of 2019,18,282,6.38
2019,Charles City County Public Schools,Charles City County High,Dropout Rate,Class of 2019,0,42,0
2019,Charlotte County Public Schools,Randolph-Henry High,Dropout Rate,Class of 2019,8,136,5.88
2019,Charlottesville City Public Schools,Charlottesville High,Dropout Rate,Class of 2019,5,281,1.78
2019,Chesapeake City Public Schools,Deep Creek High,Dropout Rate,Class of 2019,19,409,4.65
2019,Chesapeake City Public Schools,Grassfield High,Dropout Rate,Class of 2019,8,559,1.43
2019,Chesapeake City Public Schools,Great Bridge High,Dropout Rate,Class of 2019,7,364,1.92
2019,Chesapeake City Public Schools,Hickory High,Dropout Rate,Class of 2019,4,421,0.95
2019,Chesapeake City Public Schools,Indian River High,Dropout Rate,Class of 2019,19,415,4.58
2019,Chesapeake City Public Schools,Oscar F. Smith High,Dropout Rate,Class of 2019,26,540,4.81
2019,Chesapeake City Public Schools,Western Branch High,Dropout Rate,Class of 2019,13,533,2.44
2019,Chesterfield County Public Schools,Carver College and Career Academy,Dropout Rate,Class of 2019,45,162,27.78
2019,Chesterfield County Public Schools,Clover Hill High,Dropout Rate,Class of 2019,12,469,2.56
2019,Chesterfield County Public Schools,Cosby High,Dropout Rate,Class of 2019,3,598,0.5
2019,Chesterfield County Public Schools,James River High,Dropout Rate,Class of 2019,51,559,9.12
2019,Chesterfield County Public Schools,Lloyd C. Bird High,Dropout Rate,Class of 2019,45,473,9.51
2019,Chesterfield County Public Schools,Manchester High,Dropout Rate,Class of 2019,24,501,4.79
2019,Chesterfield County Public Schools,Matoaca High,Dropout Rate,Class of 2019,25,457,5.47
2019,Chesterfield County Public Schools,Meadowbrook High,Dropout Rate,Class of 2019,89,449,19.82
2019,Chesterfield County Public Schools,Midlothian High,Dropout Rate,Class of 2019,9,444,2.03
2019,Chesterfield County Public Schools,Monacan High,Dropout Rate,Class of 2019,28,374,7.49
2019,Chesterfield County Public Schools,Thomas Dale High,Dropout Rate,Class of 2019,26,593,4.38
2019,Clarke County Public Schools,Clarke County High,Dropout Rate,Class of 2019,0,180,0
2019,Colonial Beach Public Schools,Colonial Beach High,Dropout Rate,Class of 2019,0,47,0
2019,Colonial Heights City Public Schools,Colonial Heights High,Dropout Rate,Class of 2019,9,232,3.88
2019,Covington City Public Schools,Covington High,Dropout Rate,Class of 2019,4,86,4.65
2019,Craig County Public Schools,Craig County High,Dropout Rate,Class of 2019,2,64,3.13
2019,Culpeper County Public Schools,Culpeper County High,Dropout Rate,Class of 2019,15,309,4.85
2019,Culpeper County Public Schools,Eastern View High,Dropout Rate,Class of 2019,35,331,10.57
2019,Cumberland County Public Schools,Cumberland High,Dropout Rate,Class of 2019,4,120,3.33
2019,Danville City Public Schools,Galileo Magnet High,Dropout Rate,Class of 2019,0,70,0
2019,Danville City Public Schools,George Washington High,Dropout Rate,Class of 2019,40,353,11.33
2019,Dickenson County Public Schools,Ridgeview High,Dropout Rate,Class of 2019,5,146,3.42
2019,Dinwiddie County Public Schools,Dinwiddie County High,Dropout Rate,Class of 2019,15,325,4.62
2019,Essex County Public Schools,Essex High,Dropout Rate,Class of 2019,5,93,5.38
2019,Fairfax County Public Schools,Annandale High,Dropout Rate,Class of 2019,73,582,12.54
2019,Fairfax County Public Schools,Bryant High,Dropout Rate,Class of 2019,98,203,48.28
2019,Fairfax County Public Schools,Centreville High,Dropout Rate,Class of 2019,46,680,6.76
2019,Fairfax County Public Schools,Chantilly High,Dropout Rate,Class of 2019,12,679,1.77
2019,Fairfax County Public Schools,Edison High,Dropout Rate,Class of 2019,25,495,5.05
2019,Fairfax County Public Schools,Fairfax County Adult High,Dropout Rate,Class of 2019,173,204,84.8
2019,Fairfax County Public Schools,Fairfax High,Dropout Rate,Class of 2019,32,578,5.54
2019,Fairfax County Public Schools,Falls Church High,Dropout Rate,Class of 2019,66,515,12.82
2019,Fairfax County Public Schools,Hayfield Secondary,Dropout Rate,Class of 2019,17,558,3.05
2019,Fairfax County Public Schools,Herndon High,Dropout Rate,Class of 2019,87,577,15.08
2019,Fairfax County Public Schools,Justice High,Dropout Rate,Class of 2019,58,505,11.49
2019,Fairfax County Public Schools,Key Center,Dropout Rate,Class of 2019,<,<,<
2019,Fairfax County Public Schools,Kilmer Center,Dropout Rate,Class of 2019,<,<,<
2019,Fairfax County Public Schools,Lake Braddock Secondary,Dropout Rate,Class of 2019,11,706,1.56
2019,Fairfax County Public Schools,Langley High,Dropout Rate,Class of 2019,1,472,0.21
2019,Fairfax County Public Schools,Lewis High,Dropout Rate,Class of 2019,45,455,9.89
2019,Fairfax County Public Schools,Madison High,Dropout Rate,Class of 2019,14,543,2.58
2019,Fairfax County Public Schools,Marshall High,Dropout Rate,Class of 2019,15,589,2.55
2019,Fairfax County Public Schools,McLean High,Dropout Rate,Class of 2019,11,539,2.04
2019,Fairfax County Public Schools,Mount Vernon High,Dropout Rate,Class of 2019,61,517,11.8
2019,Fairfax County Public Schools,Mountain View High,Dropout Rate,Class of 2019,76,180,42.22
2019,Fairfax County Public Schools,Oakton High,Dropout Rate,Class of 2019,8,685,1.17
2019,Fairfax County Public Schools,Robinson Secondary,Dropout Rate,Class of 2019,6,630,0.95
2019,Fairfax County Public Schools,South County High,Dropout Rate,Class of 2019,12,579,2.07
2019,Fairfax County Public Schools,South Lakes High,Dropout Rate,Class of 2019,52,606,8.58
2019,Fairfax County Public Schools,Thomas Jefferson High for Science and Technology,Dropout Rate,Class of 2019,1,427,0.23
2019,Fairfax County Public Schools,West Potomac High,Dropout Rate,Class of 2019,58,614,9.45
2019,Fairfax County Public Schools,West Springfield High,Dropout Rate,Class of 2019,7,543,1.29
2019,Fairfax County Public Schools,Westfield High,Dropout Rate,Class of 2019,28,665,4.21
2019,Fairfax County Public Schools,Woodson High,Dropout Rate,Class of 2019,8,608,1.32
2019,Falls Church City Public Schools,George Mason High,Dropout Rate,Class of 2019,0,207,0
2019,Fauquier County Public Schools,Fauquier High,Dropout Rate,Class of 2019,6,345,1.74
2019,Fauquier County Public Schools,Kettle Run High,Dropout Rate,Class of 2019,6,310,1.94
2019,Fauquier County Public Schools,Liberty High,Dropout Rate,Class of 2019,12,328,3.66
2019,Floyd County Public Schools,Floyd County High,Dropout Rate,Class of 2019,2,158,1.27
2019,Fluvanna County Public Schools,Fluvanna County High,Dropout Rate,Class of 2019,5,274,1.82
2019,Franklin City Public Schools,Franklin High,Dropout Rate,Class of 2019,1,77,1.3
2019,Franklin County Public Schools,Franklin County High,Dropout Rate,Class of 2019,49,563,8.7
2019,Frederick County Public Schools,James Wood High,Dropout Rate,Class of 2019,15,305,4.92
2019,Frederick County Public Schools,Millbrook High,Dropout Rate,Class of 2019,15,345,4.35
2019,Frederick County Public Schools,Sherando High,Dropout Rate,Class of 2019,8,387,2.07
2019,Fredericksburg City Public Schools,James Monroe High,Dropout Rate,Class of 2019,30,266,11.28
2019,Galax City Public Schools,Galax High,Dropout Rate,Class of 2019,5,101,4.95
2019,Giles County Public Schools,Giles High,Dropout Rate,Class of 2019,4,137,2.92
2019,Giles County Public Schools,Narrows High,Dropout Rate,Class of 2019,3,83,3.61
2019,Gloucester County Public Schools,Gloucester High,Dropout Rate,Class of 2019,12,384,3.13
2019,Goochland County Public Schools,Goochland High,Dropout Rate,Class of 2019,5,228,2.19
2019,Grayson County Public Schools,Grayson County High,Dropout Rate,Class of 2019,3,112,2.68
2019,Greene County Public Schools,William Monroe High,Dropout Rate,Class of 2019,7,224,3.13
2019,Greensville County Public Schools,Greensville County High,Dropout Rate,Class of 2019,17,187,9.09
2019,Halifax County Public Schools,Halifax County High,Dropout Rate,Class of 2019,16,355,4.51
2019,Hampton City Public Schools,Bethel High,Dropout Rate,Class of 2019,3,423,0.71
2019,Hampton City Public Schools,Hampton High,Dropout Rate,Class of 2019,8,356,2.25
2019,Hampton City Public Schools,Kecoughtan High,Dropout Rate,Class of 2019,3,435,0.69
2019,Hampton City Public Schools,Phoebus High,Dropout Rate,Class of 2019,5,286,1.75
2019,Hanover County Public Schools,Atlee High,Dropout Rate,Class of 2019,9,427,2.11
2019,Hanover County Public Schools,HCPS High School ,Dropout Rate,Class of 2019,7,374,1.87
2019,Hanover County Public Schools,Hanover High,Dropout Rate,Class of 2019,6,339,1.77
2019,Hanover County Public Schools,Patrick Henry High,Dropout Rate,Class of 2019,13,344,3.78
2019,Harrisonburg City Public Schools,Harrisonburg High,Dropout Rate,Class of 2019,43,456,9.43
2019,Henrico County Public Schools,Deep Run High,Dropout Rate,Class of 2019,2,470,0.43
2019,Henrico County Public Schools,Douglas S. Freeman High,Dropout Rate,Class of 2019,26,458,5.68
2019,Henrico County Public Schools,Glen Allen High,Dropout Rate,Class of 2019,9,444,2.03
2019,Henrico County Public Schools,Henrico High,Dropout Rate,Class of 2019,33,432,7.64
2019,Henrico County Public Schools,Hermitage High,Dropout Rate,Class of 2019,39,396,9.85
2019,Henrico County Public Schools,Highland Springs High,Dropout Rate,Class of 2019,48,452,10.62
2019,Henrico County Public Schools,John Randolph Tucker High,Dropout Rate,Class of 2019,68,464,14.66
2019,Henrico County Public Schools,Mills E. Godwin High,Dropout Rate,Class of 2019,8,495,1.62
2019,Henrico County Public Schools,Varina High,Dropout Rate,Class of 2019,33,377,8.75
2019,Henry County Public Schools,Bassett High,Dropout Rate,Class of 2019,22,281,7.83
2019,Henry County Public Schools,Magna Vista High,Dropout Rate,Class of 2019,13,260,5
2019,Highland County Public Schools,Highland High,Dropout Rate,Class of 2019,0,14,0
2019,Hopewell City Public Schools,Hopewell High,Dropout Rate,Class of 2019,22,285,7.72
2019,Isle of Wight County Public Schools,Smithfield High,Dropout Rate,Class of 2019,13,317,4.1
2019,Isle of Wight County Public Schools,Windsor High,Dropout Rate,Class of 2019,7,139,5.04
2019,King George County Public Schools,King George High,Dropout Rate,Class of 2019,9,305,2.95
2019,King William County Public Schools,King William High,Dropout Rate,Class of 2019,5,173,2.89
2019,King and Queen County Public Schools,Central High,Dropout Rate,Class of 2019,0,34,0
2019,Lancaster County Public Schools,Lancaster High,Dropout Rate,Class of 2019,9,99,9.09
2019,Lee County Public Schools,Lee High,Dropout Rate,Class of 2019,18,178,10.11
2019,Lee County Public Schools,Thomas Walker High,Dropout Rate,Class of 2019,4,65,6.15
2019,Loudoun County Public Schools,Briar Woods High ,Dropout Rate,Class of 2019,1,415,0.24
2019,Loudoun County Public Schools,Broad Run High,Dropout Rate,Class of 2019,2,416,0.48
2019,Loudoun County Public Schools,Dominion High,Dropout Rate,Class of 2019,26,357,7.28
2019,Loudoun County Public Schools,Freedom High ,Dropout Rate,Class of 2019,3,463,0.65
2019,Loudoun County Public Schools,Heritage High,Dropout Rate,Class of 2019,21,373,5.63
2019,Loudoun County Public Schools,John Champe High School,Dropout Rate,Class of 2019,5,484,1.03
2019,Loudoun County Public Schools,Loudoun County High,Dropout Rate,Class of 2019,12,340,3.53
2019,Loudoun County Public Schools,Loudoun Valley High,Dropout Rate,Class of 2019,8,346,2.31
2019,Loudoun County Public Schools,Park View High,Dropout Rate,Class of 2019,61,385,15.84
2019,Loudoun County Public Schools,Potomac Falls High,Dropout Rate,Class of 2019,14,428,3.27
2019,Loudoun County Public Schools,Riverside High,Dropout Rate,Class of 2019,4,384,1.04
2019,Loudoun County Public Schools,Rock Ridge High,Dropout Rate,Class of 2019,1,503,0.2
2019,Loudoun County Public Schools,Stone Bridge High,Dropout Rate,Class of 2019,3,377,0.8
2019,Loudoun County Public Schools,Tuscarora High,Dropout Rate,Class of 2019,35,407,8.6
2019,Loudoun County Public Schools,Woodgrove High,Dropout Rate,Class of 2019,3,391,0.77
2019,Louisa County Public Schools,Louisa County High,Dropout Rate,Class of 2019,8,350,2.29
2019,Lunenburg County Public Schools,Central High,Dropout Rate,Class of 2019,5,110,4.55
2019,Lynchburg City Public Schools,E.C. Glass High ,Dropout Rate,Class of 2019,29,339,8.55
2019,Lynchburg City Public Schools,Heritage High,Dropout Rate,Class of 2019,26,253,10.28
2019,Madison County Public Schools,Madison County High,Dropout Rate,Class of 2019,4,128,3.13
2019,Manassas City Public Schools,Osbourn High,Dropout Rate,Class of 2019,90,575,15.65
2019,Manassas Park City Public Schools,Manassas Park High,Dropout Rate,Class of 2019,29,308,9.42
2019,Martinsville City Public Schools,Martinsville High,Dropout Rate,Class of 2019,11,150,7.33
2019,Mathews County Public Schools,Mathews High,Dropout Rate,Class of 2019,6,94,6.38
2019,Mecklenburg County Public Schools,Bluestone  High,Dropout Rate,Class of 2019,13,124,10.48
2019,Mecklenburg County Public Schools,Park View High,Dropout Rate,Class of 2019,7,201,3.48
2019,Middlesex County Public Schools,Middlesex High,Dropout Rate,Class of 2019,3,96,3.13
2019,Montgomery County Public Schools,Auburn High,Dropout Rate,Class of 2019,3,107,2.8
2019,Montgomery County Public Schools,Blacksburg High,Dropout Rate,Class of 2019,6,304,1.97
2019,Montgomery County Public Schools,Christiansburg High,Dropout Rate,Class of 2019,12,266,4.51
2019,Montgomery County Public Schools,Eastern Montgomery High,Dropout Rate,Class of 2019,3,72,4.17
2019,Nelson County Public Schools,Nelson County High,Dropout Rate,Class of 2019,6,163,3.68
2019,New Kent County Public Schools,New Kent High ,Dropout Rate,Class of 2019,9,241,3.73
2019,Newport News City Public Schools,Achievable Dream Middle/High ,Dropout Rate,Class of 2019,0,53,0
2019,Newport News City Public Schools,Denbigh High,Dropout Rate,Class of 2019,4,267,1.5
2019,Newport News City Public Schools,Heritage High,Dropout Rate,Class of 2019,14,294,4.76
2019,Newport News City Public Schools,Menchville High,Dropout Rate,Class of 2019,2,372,0.54
2019,Newport News City Public Schools,Warwick High,Dropout Rate,Class of 2019,13,385,3.38
2019,Newport News City Public Schools,Woodside High,Dropout Rate,Class of 2019,1,497,0.2
2019,Norfolk City Public Schools,Booker T Washington High,Dropout Rate,Class of 2019,29,218,13.3
2019,Norfolk City Public Schools,Granby High,Dropout Rate,Class of 2019,59,502,11.75
2019,Norfolk City Public Schools,Lake Taylor High ,Dropout Rate,Class of 2019,33,289,11.42
2019,Norfolk City Public Schools,Matthew Fontaine Maury High,Dropout Rate,Class of 2019,40,437,9.15
2019,Norfolk City Public Schools,Norview High,Dropout Rate,Class of 2019,45,489,9.2
2019,Northampton County Public Schools,Northampton High,Dropout Rate,Class of 2019,9,120,7.5
2019,Northumberland County Public Schools,Northumberland High,Dropout Rate,Class of 2019,2,114,1.75
2019,Norton City Public Schools,J.I. Burton High ,Dropout Rate,Class of 2019,3,55,5.45
2019,Nottoway County Public Schools,Nottoway High,Dropout Rate,Class of 2019,18,147,12.24
2019,Orange County Public Schools,Orange County High ,Dropout Rate,Class of 2019,14,372,3.76
2019,Page County Public Schools,Luray High,Dropout Rate,Class of 2019,2,143,1.4
2019,Page County Public Schools,Page County High,Dropout Rate,Class of 2019,1,139,0.72
2019,Patrick County Public Schools,Patrick County High,Dropout Rate,Class of 2019,6,182,3.3
2019,Petersburg City Public Schools,Petersburg High,Dropout Rate,Class of 2019,26,287,9.06
2019,Pittsylvania County Public Schools,Chatham High,Dropout Rate,Class of 2019,13,162,8.02
2019,Pittsylvania County Public Schools,Dan River High,Dropout Rate,Class of 2019,17,189,8.99
2019,Pittsylvania County Public Schools,Gretna High,Dropout Rate,Class of 2019,12,147,8.16
2019,Pittsylvania County Public Schools,Tunstall High,Dropout Rate,Class of 2019,14,236,5.93
2019,Poquoson City Public Schools,Poquoson High,Dropout Rate,Class of 2019,5,180,2.78
2019,Portsmouth City Public Schools,Churchland High,Dropout Rate,Class of 2019,25,370,6.76
2019,Portsmouth City Public Schools,I.C. Norcom High,Dropout Rate,Class of 2019,29,275,10.55
2019,Portsmouth City Public Schools,Woodrow Wilson High,Dropout Rate,Class of 2019,38,372,10.22
2019,Powhatan County Public Schools,Powhatan High,Dropout Rate,Class of 2019,11,377,2.92
2019,Prince Edward County Public Schools,Prince Edward County High,Dropout Rate,Class of 2019,14,173,8.09
2019,Prince George County Public Schools,Prince George High,Dropout Rate,Class of 2019,16,433,3.7
2019,Prince William County Public Schools,Battlefield High ,Dropout Rate,Class of 2019,5,740,0.68
2019,Prince William County Public Schools,Brentsville District High,Dropout Rate,Class of 2019,10,266,3.76
2019,Prince William County Public Schools,C.D. Hylton High,Dropout Rate,Class of 2019,22,555,3.96
2019,Prince William County Public Schools,Charles J. Colgan Sr. High,Dropout Rate,Class of 2019,9,504,1.79
2019,Prince William County Public Schools,Forest Park High,Dropout Rate,Class of 2019,22,547,4.02
2019,Prince William County Public Schools,Freedom High ,Dropout Rate,Class of 2019,68,591,11.51
2019,Prince William County Public Schools,Gar-Field High,Dropout Rate,Class of 2019,80,675,11.85
2019,Prince William County Public Schools,Osbourn Park High,Dropout Rate,Class of 2019,39,522,7.47
2019,Prince William County Public Schools,Patriot High,Dropout Rate,Class of 2019,8,686,1.17
2019,Prince William County Public Schools,Potomac High,Dropout Rate,Class of 2019,36,535,6.73
2019,Prince William County Public Schools,Unity Reed High,Dropout Rate,Class of 2019,58,603,9.62
2019,Prince William County Public Schools,Woodbridge High,Dropout Rate,Class of 2019,50,661,7.56
2019,Pulaski County Public Schools,Pulaski County Senior High,Dropout Rate,Class of 2019,14,344,4.07
2019,Radford City Public Schools,Radford High,Dropout Rate,Class of 2019,3,132,2.27
2019,Rappahannock County Public Schools,Rappahannock County High,Dropout Rate,Class of 2019,1,77,1.3
2019,Richmond City Public Schools,Amelia Street Special Education,Dropout Rate,Class of 2019,<,<,<
2019,Richmond City Public Schools,Armstrong High ,Dropout Rate,Class of 2019,66,232,28.45
2019,Richmond City Public Schools,Franklin Military Academy,Dropout Rate,Class of 2019,0,47,0
2019,Richmond City Public Schools,George Wythe High,Dropout Rate,Class of 2019,101,287,35.19
2019,Richmond City Public Schools,Huguenot High,Dropout Rate,Class of 2019,125,429,29.14
2019,Richmond City Public Schools,John Marshall High,Dropout Rate,Class of 2019,13,149,8.72
2019,Richmond City Public Schools,Open High,Dropout Rate,Class of 2019,0,52,0
2019,Richmond City Public Schools,Richmond Alternative School,Dropout Rate,Class of 2019,47,102,46.08
2019,Richmond City Public Schools,Richmond Career Education and Employment (Charter School),Dropout Rate,Class of 2019,1,10,10
2019,Richmond City Public Schools,Richmond Community High,Dropout Rate,Class of 2019,0,52,0
2019,Richmond City Public Schools,Thomas Jefferson High,Dropout Rate,Class of 2019,14,158,8.86
2019,Richmond County Public Schools,Rappahannock High,Dropout Rate,Class of 2019,1,97,1.03
2019,Roanoke City Public Schools,Patrick Henry High,Dropout Rate,Class of 2019,34,498,6.83
2019,Roanoke City Public Schools,William Fleming High,Dropout Rate,Class of 2019,37,416,8.89
2019,Roanoke County Public Schools,Cave Spring High,Dropout Rate,Class of 2019,9,251,3.59
2019,Roanoke County Public Schools,Glenvar High,Dropout Rate,Class of 2019,4,136,2.94
2019,Roanoke County Public Schools,Hidden Valley High,Dropout Rate,Class of 2019,2,191,1.05
2019,Roanoke County Public Schools,Northside High,Dropout Rate,Class of 2019,12,263,4.56
2019,Roanoke County Public Schools,William Byrd High,Dropout Rate,Class of 2019,14,267,5.24
2019,Rockbridge County Public Schools,Rockbridge County High,Dropout Rate,Class of 2019,16,257,6.23
2019,Rockingham County Public Schools,Broadway High,Dropout Rate,Class of 2019,10,247,4.05
2019,Rockingham County Public Schools,East Rockingham High,Dropout Rate,Class of 2019,6,196,3.06
2019,Rockingham County Public Schools,Spotswood High,Dropout Rate,Class of 2019,5,227,2.2
2019,Rockingham County Public Schools,Turner Ashby High,Dropout Rate,Class of 2019,19,252,7.54
2019,Russell County Public Schools,Castlewood High,Dropout Rate,Class of 2019,7,72,9.72
2019,Russell County Public Schools,Honaker High,Dropout Rate,Class of 2019,2,81,2.47
2019,Russell County Public Schools,Lebanon High,Dropout Rate,Class of 2019,8,137,5.84
2019,Salem City Public Schools,Salem High,Dropout Rate,Class of 2019,7,338,2.07
2019,Scott County Public Schools,Gate City High,Dropout Rate,Class of 2019,7,188,3.72
2019,Scott County Public Schools,Rye Cove High,Dropout Rate,Class of 2019,4,54,7.41
2019,Scott County Public Schools,Twin Springs High,Dropout Rate,Class of 2019,1,40,2.5
2019,Shenandoah County Public Schools,Central High,Dropout Rate,Class of 2019,9,199,4.52
2019,Shenandoah County Public Schools,Stonewall Jackson High,Dropout Rate,Class of 2019,2,120,1.67
2019,Shenandoah County Public Schools,Strasburg High,Dropout Rate,Class of 2019,2,156,1.28
2019,Smyth County Public Schools,Chilhowie High,Dropout Rate,Class of 2019,0,117,0
2019,Smyth County Public Schools,Marion Senior High,Dropout Rate,Class of 2019,7,146,4.79
2019,Smyth County Public Schools,Northwood High,Dropout Rate,Class of 2019,0,76,0
2019,Southampton County Public Schools,Southampton High,Dropout Rate,Class of 2019,15,219,6.85
2019,Spotsylvania County Public Schools,Chancellor High,Dropout Rate,Class of 2019,23,338,6.8
2019,Spotsylvania County Public Schools,Courtland High,Dropout Rate,Class of 2019,8,306,2.61
2019,Spotsylvania County Public Schools,Massaponax High,Dropout Rate,Class of 2019,32,526,6.08
2019,Spotsylvania County Public Schools,Riverbend High ,Dropout Rate,Class of 2019,4,472,0.85
2019,Spotsylvania County Public Schools,Spotsylvania High,Dropout Rate,Class of 2019,8,273,2.93
2019,Stafford County Public Schools,Brooke Point High,Dropout Rate,Class of 2019,24,467,5.14
2019,Stafford County Public Schools,Colonial Forge High,Dropout Rate,Class of 2019,14,551,2.54
2019,Stafford County Public Schools,Mountain View High ,Dropout Rate,Class of 2019,11,402,2.74
2019,Stafford County Public Schools,North Stafford High,Dropout Rate,Class of 2019,28,435,6.44
2019,Stafford County Public Schools,Stafford Senior High,Dropout Rate,Class of 2019,25,522,4.79
2019,Staunton City Public Schools,Staunton High,Dropout Rate,Class of 2019,9,198,4.55
2019,Suffolk City Public Schools,King's Fork High,Dropout Rate,Class of 2019,21,381,5.51
2019,Suffolk City Public Schools,Lakeland High,Dropout Rate,Class of 2019,15,270,5.56
2019,Suffolk City Public Schools,Nansemond River High,Dropout Rate,Class of 2019,3,377,0.8
2019,Surry County Public Schools,Surry County High,Dropout Rate,Class of 2019,2,64,3.13
2019,Sussex County Public Schools,Sussex Central High,Dropout Rate,Class of 2019,8,78,10.26
2019,Tazewell County Public Schools,Graham High,Dropout Rate,Class of 2019,6,120,5
2019,Tazewell County Public Schools,Richlands High,Dropout Rate,Class of 2019,11,161,6.83
2019,Tazewell County Public Schools,Tazewell High,Dropout Rate,Class of 2019,2,115,1.74
2019,Virginia Beach City Public Schools,Bayside High,Dropout Rate,Class of 2019,19,460,4.13
2019,Virginia Beach City Public Schools,First Colonial High,Dropout Rate,Class of 2019,18,483,3.73
2019,Virginia Beach City Public Schools,Floyd Kellam High,Dropout Rate,Class of 2019,9,503,1.79
2019,Virginia Beach City Public Schools,Frank W. Cox High,Dropout Rate,Class of 2019,11,427,2.58
2019,Virginia Beach City Public Schools,Green Run Collegiate,Dropout Rate,Class of 2019,0,85,0
2019,Virginia Beach City Public Schools,Green Run High,Dropout Rate,Class of 2019,24,398,6.03
2019,Virginia Beach City Public Schools,Kempsville High,Dropout Rate,Class of 2019,21,381,5.51
2019,Virginia Beach City Public Schools,Landstown High,Dropout Rate,Class of 2019,14,561,2.5
2019,Virginia Beach City Public Schools,Ocean Lakes High,Dropout Rate,Class of 2019,6,510,1.18
2019,Virginia Beach City Public Schools,Princess Anne High,Dropout Rate,Class of 2019,9,445,2.02
2019,Virginia Beach City Public Schools,Salem High,Dropout Rate,Class of 2019,7,413,1.69
2019,Virginia Beach City Public Schools,Tallwood High,Dropout Rate,Class of 2019,15,474,3.16
2019,Warren County Public Schools,Skyline High,Dropout Rate,Class of 2019,4,205,1.95
2019,Warren County Public Schools,Warren County High,Dropout Rate,Class of 2019,8,217,3.69
2019,Washington County Public Schools,Abingdon High,Dropout Rate,Class of 2019,5,232,2.16
2019,Washington County Public Schools,Holston High,Dropout Rate,Class of 2019,0,75,0
2019,Washington County Public Schools,John S. Battle High,Dropout Rate,Class of 2019,8,159,5.03
2019,Washington County Public Schools,Patrick Henry High,Dropout Rate,Class of 2019,3,103,2.91
2019,Waynesboro City Public Schools,Waynesboro High,Dropout Rate,Class of 2019,13,224,5.8
2019,West Point Public Schools,West Point Middle/High,Dropout Rate,Class of 2019,1,65,1.54
2019,Westmoreland County Public Schools,Washington & Lee High,Dropout Rate,Class of 2019,4,125,3.2
2019,Williamsburg-James City County Public Schools,Jamestown High,Dropout Rate,Class of 2019,10,336,2.98
2019,Williamsburg-James City County Public Schools,Lafayette High,Dropout Rate,Class of 2019,20,293,6.83
2019,Williamsburg-James City County Public Schools,Warhill High,Dropout Rate,Class of 2019,7,328,2.13
2019,Winchester City Public Schools,John Handley High School,Dropout Rate,Class of 2019,25,352,7.1
2019,Wise County Public Schools,Central High,Dropout Rate,Class of 2019,3,194,1.55
2019,Wise County Public Schools,Eastside High,Dropout Rate,Class of 2019,1,105,0.95
2019,Wise County Public Schools,Union High,Dropout Rate,Class of 2019,3,181,1.66
2019,Wythe County Public Schools,Fort Chiswell High,Dropout Rate,Class of 2019,1,133,0.75
2019,Wythe County Public Schools,George Wythe High,Dropout Rate,Class of 2019,4,108,3.7
2019,Wythe County Public Schools,Rural Retreat High,Dropout Rate,Class of 2019,0,92,0
2019,York County Public Schools,Bruton High,Dropout Rate,Class of 2019,7,139,5.04
2019,York County Public Schools,Grafton High,Dropout Rate,Class of 2019,9,306,2.94
2019,York County Public Schools,Tabb High,Dropout Rate,Class of 2019,3,276,1.09
2019,York County Public Schools,York High,Dropout Rate,Class of 2019,2,237,0.84
2019,York County Public Schools,York River Academy,Dropout Rate,Class of 2019,1,14,7.14
